title,year,authors,venue,citation_count,openalex_id,doi,url,open_access_pdf,concepts,type,is_oa,abstract
Guiding Principles to Address the Impact of Algorithm Bias on Racial and Ethnic Disparities in Health and Health Care,2023,Marshall H. Chin; Nasim Afsarmanesh; Arlene S. Bierman; Christine Chang; Caleb J. Colón-Rodríguez; Prashila Dullabh; Deborah G. Duran; Malika Fair; Tina Hernandez‐Boussard; Maia Hightower; Anjali Jain; William B. Jordan; Stephen Konya; Roslyn Holliday Moore; Tamra Tyree Moore; Richard Rodriguez; Gauher Shaheen; Lynne Page Snyder; Mithuna Srinivasan; Craig A. Umscheid; Lucila Ohno‐Machado,JAMA Network Open,104,W4389794809,10.1001/jamanetworkopen.2023.45050,https://openalex.org/W4389794809,https://jamanetwork.com/journals/jamanetworkopen/articlepdf/2812958/chin_2023_sc_230007_1702050468.82841.pdf,Health equity; Health care; Algorithm; Ethnic group; Health policy,article,True,Abstract available
An adversarial training framework for mitigating algorithmic biases in clinical machine learning,2023,Jenny Yang; Andrew A. S. Soltan; David W. Eyre; Yang Yang; David A. Clifton,npj Digital Medicine,67,W4361285150,10.1038/s41746-023-00805-y,https://openalex.org/W4361285150,https://www.nature.com/articles/s41746-023-00805-y.pdf,Adversarial system; Odds; Task (project management); Machine learning; Computer science,article,True,Abstract available
Bias in artificial intelligence algorithms and recommendations for mitigation,2023,Lama Nazer; Razan Zatarah; Shai Waldrip; Janny Xue Chen Ke; Mira Moukheiber; Ashish K. Khanna; Rachel S. Hicklen; Lama Moukheiber; Dana Moukheiber; Haobo Ma; Piyush Mathur,PLOS Digital Health,255,W4381716616,10.1371/journal.pdig.0000278,https://openalex.org/W4381716616,https://journals.plos.org/digitalhealth/article/file?id=10.1371/journal.pdig.0000278&type=printable,Health care; Computer science; Preprocessor; Artificial intelligence; Data science,review,True,Abstract available
A Comprehensive Review of AI Techniques for Addressing Algorithmic Bias in Job Hiring,2024,Elham Albaroudi; Taha Mansouri; Ali Alameer,AI,31,W4391598857,10.3390/ai5010019,https://openalex.org/W4391598857,https://www.mdpi.com/2673-2688/5/1/19/pdf?version=1707285598,Computer science; Data science; Political science,review,True,Abstract available
"Risk and the future of AI: Algorithmic bias, data colonialism, and marginalization",2023,Anmol Arora; M. Barrett; Euisin Lee; Eivor Oborn; Karl Prince,Information and Organization,42,W4386131004,10.1016/j.infoandorg.2023.100478,https://openalex.org/W4386131004,,Colonialism; Data science; Computer science; History; Archaeology,article,False,
Advancing algorithmic bias management capabilities in AI-driven marketing analytics research,2023,Shahriar Akter; Saida Sultana; Marcello M. Mariani; Samuel Fosso Wamba; Konstantina Spanaki; Yogesh K. Dwivedi,Industrial Marketing Management,22,W4386300838,10.1016/j.indmarman.2023.08.013,https://openalex.org/W4386300838,https://doi.org/10.1016/j.indmarman.2023.08.013,Customer lifetime value; Analytics; Equity (law); Marketing; Data science,article,True,Abstract available
Disambiguating Algorithmic Bias: From Neutrality to Justice,2023,Elizabeth Edenberg; Alexandra Wood,,15,W4386242313,10.1145/3600211.3604695,https://openalex.org/W4386242313,https://doi.org/10.1145/3600211.3604695,Neutrality; Injustice; Prejudice (legal term); Implicit bias; Economic Justice,article,True,Abstract available
Addressing AI Algorithmic Bias in Health Care,2024,Raj M. Ratwani; Karey M. Sutton; Jessica E. Galarraga,JAMA,20,W4402223957,10.1001/jama.2024.13486,https://openalex.org/W4402223957,,Medicine; Health care; Applications of artificial intelligence; MEDLINE; Artificial intelligence,editorial,False,Abstract available
The Potential of Diverse Youth as Stakeholders in Identifying and Mitigating Algorithmic Bias for a Future of Fairer AI,2023,Jaemarie Solyst; Ellia Yang; Shixian Xie; Amy Ogan; Jessica Hammer; Motahhare Eslami,Proceedings of the ACM on Human-Computer Interaction,24,W4387344911,10.1145/3610213,https://openalex.org/W4387344911,https://dl.acm.org/doi/pdf/10.1145/3610213,Harm; Diversity (politics); Injustice; Inclusion (mineral); Psychology,article,True,Abstract available
Algorithmic bias in artificial intelligence is a problem—And the root issue is power,2023,Rae Walker; Jess Dillard‐Wright; Favorite Iradukunda,Nursing Outlook,16,W4385788498,10.1016/j.outlook.2023.102023,https://openalex.org/W4385788498,http://www.nursingoutlook.org/article/S0029655423001288/pdf,Injustice; Health care; Power (physics); Root (linguistics); Curriculum,article,True,Abstract available
Data’s Impact on Algorithmic Bias,2023,Dong‐Hee Shin; Emily Y. Shin,Computer,8,W4377818787,10.1109/mc.2023.3262909,https://openalex.org/W4377818787,https://ieeexplore.ieee.org/ielx7/2/10132019/10132055.pdf,Computer science; Column (typography); Artificial intelligence; Machine learning; Algorithm,article,True,Abstract available
"Practical, epistemic and normative implications of algorithmic bias in healthcare artificial intelligence: a qualitative study of multidisciplinary expert perspectives",2023,Yves Saint James Aquino; Stacy M. Carter; Nehmat Houssami; Annette Braunack‐Mayer; Khin Than Win; Chris Degeling; Lei Wang; Wendy Rogers,Journal of Medical Ethics,28,W4321610264,10.1136/jme-2022-108850,https://openalex.org/W4321610264,https://jme.bmj.com/content/medethics/early/2023/02/22/jme-2022-108850.full.pdf,Health care; Normative; Inclusion (mineral); Multidisciplinary approach; Psychology,article,True,Abstract available
"AI Algorithmic Bias: Understanding its Causes, Ethical and Social Implications",2023,Lakshitha R Jain; Vineetha Menon,,11,W4389988494,10.1109/ictai59109.2023.00073,https://openalex.org/W4389988494,,Computer science; Artificial intelligence; Selection bias; Machine learning; Apprehension,article,False,Abstract available
Are algorithms biased in education? Exploring racial bias in predicting community college student success,2024,Kelli Bird; Benjamin Castleman; Yifeng Song,Journal of Policy Analysis and Management,11,W4391402561,10.1002/pam.22569,https://openalex.org/W4391402561,https://onlinelibrary.wiley.com/doi/pdfdirect/10.1002/pam.22569,Racial bias; Community college; Psychology; Computer science; Implicit bias,article,True,Abstract available
Tackling algorithmic bias and promoting transparency in health datasets: the STANDING Together consensus recommendations,2024,Joseph Alderman; Joanne Palmer; Elinor Laws; Melissa D. McCradden; Johan Ordish; Marzyeh Ghassemi; Stephen Pfohl; Negar Rostamzadeh; Heather Cole-Lewis; Ben Glocker; Melanie Calvert; Tom Pollard; J. M. Gill; Jacqui Gath; Ade Adebajo; Jude Beng; Cheuk Wing Leung; Stephanie Kuku; Lesley-Anne Farmer; Rubeta Matin; Bilal A. Mateen; Francis McKay; Katherine Heller; Alan Karthikesalingam; Darren Treanor; Maxine Mackintosh; Lauren Oakden‐Rayner; Russell J. Pearson; Arjun K. Manrai; Puja Myles; Judit Kumuthini; Zoher Kapacee; Neil J. Sebire; Lama Nazer; Jarrel Seah; Ashley Akbari; Lewis E. Berman; Judy Wawira Gichoya; Lorenzo Righetto; D. V. K. Samuel; William Wasswa; Maria Charalambides; Anmol Arora; Sameer Pujari; Charlotte Summers; Elizabeth Sapey; S P Wilkinson; Vishal Thakker; Alastair K. Denniston; Xiaoxuan Liu,The Lancet Digital Health,19,W4405534231,10.1016/s2589-7500(24)00224-3,https://openalex.org/W4405534231,https://doi.org/10.1016/s2589-7500(24)00224-3,Transparency (behavior); Data science; Computer science; Political science; Computer security,review,True,
Misinformation and Algorithmic Bias,2024,Dong‐Hee Shin,,5,W4393191699,10.1007/978-3-031-52569-8_2,https://openalex.org/W4393191699,,Misinformation; Internet privacy; Computer science; Computer security; Psychology,book-chapter,False,Abstract available
Investigating Algorithmic Bias on Bayesian Knowledge Tracing and Carelessness Detectors,2024,Andres Felipe Zambrano; Jiayi Zhang; Ryan S. Baker,,8,W4392445451,10.1145/3636555.3636890,https://openalex.org/W4392445451,,Carelessness; Computer science; Demographics; Debiasing; Bayesian probability,article,False,Abstract available
Artificial Intelligence and Algorithmic Bias,2023,Natasha H. Williams,The International Library of Bioethics,7,W4390476661,10.1007/978-3-031-48262-5_1,https://openalex.org/W4390476661,,Section (typography); Computer science; Artificial intelligence; Applications of artificial intelligence; Health care,book-chapter,False,
Enhancing children’s understanding of algorithmic biases in and with text-to-image generative AI,2024,Henriikka Vartiainen; Juho Kahila; Matti Tedre; Sonsoles López‐Pernas; Nicolas Pope,New Media & Society,8,W4397034407,10.1177/14614448241252820,https://openalex.org/W4397034407,https://journals.sagepub.com/doi/pdf/10.1177/14614448241252820,Generative grammar; Image (mathematics); Computer science; Generative model; Psychology,article,True,Abstract available
Inside the Black Box: Detecting and Mitigating Algorithmic Bias Across Racialized Groups in College Student-Success Prediction,2024,Denisa Gándara; Hadis Anahideh; Matthew P. Ison; Lorenzo Picchiarini,AERA Open,12,W4400485150,10.1177/23328584241258741,https://openalex.org/W4400485150,https://journals.sagepub.com/doi/pdf/10.1177/23328584241258741,Racial bias; Implicit bias; Racism; Psychological intervention; Higher education,article,True,Abstract available
Auditing Work: Exploring the New York City algorithmic bias audit regime,2024,Lara Groves; Jacob Metcalf; Alayna Kennedy; Briana Vecchione; Andrew Strait,"2022 ACM Conference on Fairness, Accountability, and Transparency",11,W4399362708,10.1145/3630106.3658959,https://openalex.org/W4399362708,https://dl.acm.org/doi/pdf/10.1145/3630106.3658959,Audit; Work (physics); Computer science; Accounting; Business,article,True,Abstract available
Automating Automaticity: How the Context of Human Choice Affects the Extent of Algorithmic Bias,2023,Amanda Agan; Diag Davenport; Jens Ludwig; Sendhil Mullainathan,SSRN Electronic Journal,10,W4321379767,10.2139/ssrn.4364729,https://openalex.org/W4321379767,,Automaticity; Context (archaeology); Computer science; Cognitive psychology; Psychology,article,False,Abstract available
Algorithmic bias and research integrity; the role of nonhuman authors in shaping scientific knowledge with respect to artificial intelligence: a perspective,2023,Malik Olatunde Oduoye; Binish Javed; Nikhil Gupta; Che Mbali Valentina Sih,International Journal of Surgery,14,W4380714834,10.1097/js9.0000000000000552,https://openalex.org/W4380714834,https://doi.org/10.1097/js9.0000000000000552,Sophistication; Prejudice (legal term); Perspective (graphical); Transparency (behavior); Computer science,article,True,Abstract available
Automating Automaticity: How the Context of Human Choice Affects the Extent of Algorithmic Bias,2023,Amanda Agan; Diag Davenport; J. Ludwig; Sendhil Mullainathan,,9,W4321366289,10.3386/w30981,https://openalex.org/W4321366289,https://doi.org/10.3386/w30981,Automaticity; Context (archaeology); Computer science; Cognitive psychology; Psychology,report,True,Abstract available
Investigating algorithmic bias in student progress monitoring,2024,Jamiu Adekunle Idowu; Adriano Koshiyama; Philip Treleaven,Computers and Education Artificial Intelligence,6,W4400767613,10.1016/j.caeai.2024.100267,https://openalex.org/W4400767613,https://doi.org/10.1016/j.caeai.2024.100267,Computer science; Learning analytics; Grading (engineering); Analytics; Data science,article,True,Abstract available
EXplainable Artificial Intelligence (XAI) for facilitating recognition of algorithmic bias: An experiment from imposed users’ perspectives,2024,Ching‐Hua Chuan; Ruoyu Sun; Shiyun Tian; Wan‐Hsiu Sunny Tsai,Telematics and Informatics,8,W4396793783,10.1016/j.tele.2024.102135,https://openalex.org/W4396793783,https://doi.org/10.1016/j.tele.2024.102135,Raising (metalworking); Computer science; Perception; Artificial intelligence; Cognitive psychology,article,True,Abstract available
Technology assisted research assessment: algorithmic bias and transparency issues,2023,Mike Thelwall; Kayvan Kousha,Aslib Journal of Information Management,5,W4387204488,10.1108/ajim-04-2023-0119,https://openalex.org/W4387204488,https://eprints.whiterose.ac.uk/203219/1/Artificial_intelligence_technologies_to_support_research_assessment-transparency%20bias_preprint.pdf,Transparency (behavior); Scope (computer science); Originality; Computer science; Data science,article,True,Abstract available
Reflecting on Algorithmic Bias With Design Fiction: The MiniCoDe Workshops,2024,Tommaso Turchi; Alessio Malizia; Simone Borsci,IEEE Intelligent Systems,4,W4390806593,10.1109/mis.2024.3352977,https://openalex.org/W4390806593,https://ieeexplore.ieee.org/ielx7/9670/5196652/10388369.pdf,Transparency (behavior); Computer science; Accountability; Economic Justice; Implementation,article,True,Abstract available
Algorithmic Bias: A Challenge for Ethical Artificial Intelligence (AI),2023,Divya Dwivedi,,4,W4390444195,10.1007/978-981-99-8834-1_5,https://openalex.org/W4390444195,,Exploit; Computer science; Artificial intelligence; Ethical issues; Cognition,book-chapter,False,Abstract available
Awareness of Racial and Ethnic Bias and Potential Solutions to Address Bias With Use of Health Care Algorithms,2023,Anjali Jain; Jasmin R. Brooks; Cleothia C. Alford; Christine Chang; Nora Mueller; Craig A. Umscheid; Arlene S. Bierman,JAMA Health Forum,46,W4379094721,10.1001/jamahealthforum.2023.1197,https://openalex.org/W4379094721,https://jamanetwork.com/journals/jama-health-forum/articlepdf/2805595/jain_2023_oi_230028_1685467552.69689.pdf,Ethnic group; Health care; Algorithm; Affect (linguistics); Health information technology,article,True,Abstract available
Algorithmic Bias in News: Can Machine Learning Be Part of the Solution?,2023,Haffaz Aladeen; Nadal Burgers; Tamir Imaad,Authorea (Authorea),6,W4322724920,10.22541/au.167770658.88067473/v1,https://openalex.org/W4322724920,https://doi.org/10.22541/au.167770658.88067473/v1,Computer science; Artificial intelligence; Machine learning; Data science,preprint,True,
Trapped in the search box: An examination of algorithmic bias in search engine autocomplete predictions,2023,Cong Lin; Yuxin Gao; Na Ta; Kaiyu Li; Hongyao Fu,Telematics and Informatics,7,W4388010320,10.1016/j.tele.2023.102068,https://openalex.org/W4388010320,,Computer science; Search engine; Disadvantaged; Black box; Debiasing,article,False,
Detection and Mitigation of Algorithmic Bias via Predictive Parity,2023,Cyrus DiCiccio; Brian Hsu; YinYin Yu; Preetam Nandy; Kinjal Basu,"2022 ACM Conference on Fairness, Accountability, and Transparency",4,W4379089795,10.1145/3593013.3594117,https://openalex.org/W4379089795,https://doi.org/10.1145/3593013.3594117,Computer science; Parametric statistics; Parity (physics); Calibration; Transformation (genetics),article,True,Abstract available
"ABCs: Differentiating Algorithmic Bias, Automation Bias, and Automation Complacency",2023,Amanda Potasznik,,3,W4381893935,10.1109/ethics57328.2023.10155094,https://openalex.org/W4381893935,,Terminology; Conflation; Automation; Documentation; Meaning (existential),article,False,Abstract available
Measuring algorithmic bias to analyze the reliability of AI tools that predict depression risk using smartphone sensed-behavioral data,2024,Daniel A. Adler; Caitlin A. Stamatis; Jonah Meyerhoff; David C. Mohr; Fei Wang; Gabriel J. Aranovich; Srijan Sen; Tanzeem Choudhury,npj Mental Health Research,7,W4395010721,10.1038/s44184-024-00057-y,https://openalex.org/W4395010721,https://www.nature.com/articles/s44184-024-00057-y.pdf,Generalizability theory; Depression (economics); Reliability (semiconductor); Mental health; Computer science,article,True,Abstract available
Prevention of Bias and Discrimination in Clinical Practice Algorithms,2023,Carmel Shachar; Sara Gerke,JAMA,43,W4313545847,10.1001/jama.2022.23867,https://openalex.org/W4313545847,,Medicine; Liability; Health care; Algorithm; MEDLINE,article,False,Abstract available
Understanding algorithm bias in artificial intelligence-enabled ERP software customization,2023,S. Parthasarathy; S. Padmapriya,Journal of Ethics in Entrepreneurship and Technology,3,W4381376758,10.1108/jeet-04-2023-0006,https://openalex.org/W4381376758,https://www.emerald.com/insight/content/doi/10.1108/JEET-04-2023-0006/full/pdf?title=understanding-algorithm-bias-in-artificial-intelligence-enabled-erp-software-customization,Personalization; Computer science; Enterprise resource planning; Software; Artificial intelligence,article,True,Abstract available
Standards for the Control of Algorithmic Bias,2023,Natalie Heisler; Maura R. Grossman,,2,W4381735403,10.1201/b23364,https://openalex.org/W4381735403,,Computer science; Control (management); Artificial intelligence,book,False,Abstract available
"What Goes In, Must Come Out: Generative Artificial Intelligence Does Not Present Algorithmic Bias Across Race and Gender in Medical Residency Specialties",2024,Lin Shu; Saket Pandit; Tara Tritsch; Arkene Levy; Mohammadali M. Shoja,Cureus,7,W4391930049,10.7759/cureus.54448,https://openalex.org/W4391930049,https://assets.cureus.com/uploads/original_article/pdf/215498/20240219-2672-fzq8af.pdf,Specialty; Transformative learning; Race (biology); Diversity (politics); Generative grammar,article,True,Abstract available
Navigating algorithm bias in AI: ensuring fairness and trust in Africa,2024,Notice Pasipamire; Abton Muroyiwa,Frontiers in Research Metrics and Analytics,3,W4403745416,10.3389/frma.2024.1486600,https://openalex.org/W4403745416,https://doi.org/10.3389/frma.2024.1486600,Transparency (behavior); Compromise; Perspective (graphical); Sustainable development; Public relations,article,True,Abstract available
Effects of Racial Bias in Pulse Oximetry on Children and How to Address Algorithmic Bias in Clinical Medicine,2023,Keyaria D. Gray; Hamsa L. Subramaniam; Erich Huang,JAMA Pediatrics,6,W4327893915,10.1001/jamapediatrics.2023.0077,https://openalex.org/W4327893915,,Medicine; Otorhinolaryngology; Family medicine; Neurology; MEDLINE,letter,False,Abstract available
Mitigating Algorithmic Bias with Limited Annotations,2023,Guanchu Wang; Mengnan Du; Ninghao Liu; Na Zou; Xia Hu,Lecture notes in computer science,3,W4386804585,10.1007/978-3-031-43415-0_15,https://openalex.org/W4386804585,,Computer science; Annotation; Benchmark (surveying); Bounding overwatch; Baseline (sea),book-chapter,False,
Encoding normative ethics: On algorithmic bias and disability,2023,Ian Moura,First Monday,2,W4317038352,10.5210/fm.v28i1.12905,https://openalex.org/W4317038352,https://firstmonday.org/ojs/index.php/fm/article/download/12905/10789,Ableism; Harm; Normative; Context (archaeology); Psychological intervention,article,True,Abstract available
Algorithmic bias: Social science research integration through the 3-D Dependable AI Framework,2024,Kalinda Ukanwa,Current Opinion in Psychology,4,W4400216206,10.1016/j.copsyc.2024.101836,https://openalex.org/W4400216206,https://doi.org/10.1016/j.copsyc.2024.101836,Psychology; Psychological research; Through-the-lens metering; Data science; Cognitive science,review,True,Abstract available
Algorithmic Bias in De-Identification Tools,2023,Paul M. Heider,2022 IEEE 10th International Conference on Healthcare Informatics (ICHI),2,W4389543635,10.1109/ichi57859.2023.00129,https://openalex.org/W4389543635,,Identification (biology); Race (biology); Computer science; Racial bias; Parity (physics),article,False,Abstract available
Algorithmic bias: the state of the situation and policy recommendations,2023,OECD,Digital education outlook,2,W4400709265,10.1787/09e55ac4-en,https://openalex.org/W4400709265,,State (computer science); Computer science; Race (biology); Gender bias; Data science,book-chapter,False,Abstract available
Can Algorithm Knowledge Stop Women from Being Targeted by Algorithm Bias? The New Digital Divide on Weibo,2023,Yang Zhang; Huashan Chen,Journal of Broadcasting & Electronic Media,4,W4380224377,10.1080/08838151.2023.2218955,https://openalex.org/W4380224377,,Perspective (graphical); Computer science; Algorithm; Gender bias; Artificial intelligence,article,False,Abstract available
"On the Algorithmic Bias of Aligning Large Language Models with RLHF:
  Preference Collapse and Matching Regularization",2024,Jiancong Xiao; Ziniu Li; Xingyu Xie; Emily Getzen; Cong Fang; Long Qi; Weijie Su,arXiv (Cornell University),4,W4399115638,10.48550/arxiv.2405.16455,https://openalex.org/W4399115638,https://arxiv.org/pdf/2405.16455,Regularization (linguistics); Matching (statistics); Preference; Econometrics; Computer science,preprint,True,Abstract available
Postcolonial Differentials in Algorithmic Bias: Challenging Digital Neo-Colonialism in Africa,2023,Sunita Menon,SCRIPTed A Journal of Law Technology & Society,3,W4386867404,10.2218/scrip.20.2.2023.8980,https://openalex.org/W4386867404,http://journals.ed.ac.uk/script-ed/article/download/8980/11926,Colonialism; Cognitive reframing; Parallels; Neocolonialism; Neutrality,article,True,Abstract available
LUCID: Exposing Algorithmic Bias through Inverse Design,2023,Carmen Mazijn; Carina Prunkl; Andres Algaba; Jan Danckaert; Vincent Ginis,Proceedings of the AAAI Conference on Artificial Intelligence,3,W4382318028,10.1609/aaai.v37i12.26683,https://openalex.org/W4382318028,https://ojs.aaai.org/index.php/AAAI/article/download/26683/26455,Toolbox; Computer science; Set (abstract data type); Focus (optics); Outcome (game theory),article,True,Abstract available
Algorithmic Bias of Social Media,2023,Daman Preet Singh,The Motley Undergraduate Journal,2,W4388980952,10.55016/ojs/muj.v1i2.77457,https://openalex.org/W4388980952,https://journalhosting.ucalgary.ca/index.php/muj/article/download/77457/57007,Popularity; Social media; Visibility; Internet privacy; Content (measure theory),article,True,Abstract available
Algorithmic bias and racial inequality: a critical review,2024,Maximilian Kasy,Oxford Review of Economic Policy,2,W4404610377,10.1093/oxrep/grae031,https://openalex.org/W4404610377,https://doi.org/10.1093/oxrep/grae031,Inequality; Economics; Neoclassical economics; Mathematical economics; Econometrics,review,True,Abstract available
Decoding Algorithmic Bias,2024,Ozgur Aksoy,Advances in human resources management and organizational development book series,1,W4391765373,10.4018/979-8-3693-1766-2.ch013,https://openalex.org/W4391765373,,Decoding methods; Computer science; Algorithm,book-chapter,False,Abstract available
Are algorithmic bias claims supported?,2023,Solomon Messing,Science,2,W4387128670,10.1126/science.adk1211,https://openalex.org/W4387128670,,Computer science,letter,False,
(Some) algorithmic bias as institutional bias,2023,Camila Hernandez Flowerman,Ethics and Information Technology,2,W4328108935,10.1007/s10676-023-09698-7,https://openalex.org/W4328108935,,Computer science; Positive economics; Mathematical economics; Econometrics; Epistemology,article,False,
"Cognitively Biased Users Interacting with Algorithmically Biased Results
  in Whole-Session Search on Debated Topics",2024,Ben Wang; Jiqun Liu,arXiv (Cornell University),3,W4393284545,10.1145/3664190.3672520,https://openalex.org/W4393284545,https://arxiv.org/pdf/2403.17286,Session (web analytics); Crowdsourcing; Openness to experience; Confirmation bias; Computer science,preprint,True,Abstract available
Social media and volunteer rescue requests prediction with random forest and algorithm bias detection: a case of Hurricane Harvey,2023,Volodymyr Mihunov; Kejin Wang; Zheye Wang; Nina Lam; Mingxuan Sun,Environmental Research Communications,6,W4380537468,10.1088/2515-7620/acde35,https://openalex.org/W4380537468,https://iopscience.iop.org/article/10.1088/2515-7620/acde35/pdf,Random forest; Flood myth; Stalking; Index (typography); Computer science,article,True,Abstract available
Auditing Work: Exploring the New York City algorithmic bias audit regime,2024,Lara Groves; Jacob Metcalf; Alayna Kennedy; Briana Vecchione; Andrew Strait,arXiv (Cornell University),4,W4391833200,10.48550/arxiv.2402.08101,https://openalex.org/W4391833200,https://arxiv.org/pdf/2402.08101,Audit; Work (physics); Accounting; Business; Engineering,preprint,True,Abstract available
Ethical Considerations of Using ChatGPT in Health Care,2023,Changyu Wang; Siru Liu; Hao Yang; Guo Jiu-lin; Yuxuan Wu; Jialin Liu,Journal of Medical Internet Research,319,W4385242971,10.2196/48009,https://openalex.org/W4385242971,https://www.jmir.org/2023/1/e48009/PDF,Transparency (behavior); Harm; Health care; Compassion; Liability,article,True,Abstract available
Comprehending Algorithmic Bias and Strategies for Fostering Trust in Artificial Intelligence,2024,Sidhi Menon U; Theresa Siby; Natchimuthu Natchimuthu,Advances in web technologies and engineering book series,2,W4391644764,10.4018/979-8-3693-1762-4.ch014,https://openalex.org/W4391644764,,Prejudice (legal term); Selection bias; Computer science; Gender bias; Artificial intelligence,book-chapter,False,Abstract available
"Digital Ageism, Algorithmic Bias, and Feminist Critical Theory",2023,Rune Nyrup; Charlene H. Chu; Elena Falco,Oxford University Press eBooks,3,W4388932751,10.1093/oso/9780192889898.003.0018,https://openalex.org/W4388932751,https://doi.org/10.1093/oso/9780192889898.003.0018,Sociology; Inequality; Intersectionality; Perspective (graphical); Social inequality,book-chapter,True,Abstract available
The Sociodemographic Biases in Machine Learning Algorithms: A Biomedical Informatics Perspective,2024,Gillian Franklin; Rachel Stephens; Muhammad Piracha; Shmuel Tiosano; Frank LeHouillier; Ross Koppel; Peter L. Elkin,Life,21,W4398169659,10.3390/life14060652,https://openalex.org/W4398169659,https://www.mdpi.com/2075-1729/14/6/652/pdf?version=1716284761,Socioeconomic status; Machine learning; Health care; Computer science; Selection bias,article,True,Abstract available
Hierarchical Dependencies in Classroom Settings Influence Algorithmic Bias Metrics,2024,Clara Belitz; HaeJin Lee; Nidhi Nasiar; Stephen Fancsali; STEVE RITTER; Husni Almoubayyed; Ryan S. Baker; Jaclyn Ocumpaugh; Nigel Bosch,,2,W4392445400,10.1145/3636555.3636869,https://openalex.org/W4392445400,https://dl.acm.org/doi/pdf/10.1145/3636555.3636869,Computer science; Multilevel model; Machine learning; Artificial intelligence; Contrast (vision),article,True,Abstract available
Mitigating Racial And Ethnic Bias And Advancing Health Equity In Clinical Algorithms: A Scoping Review,2023,Michael P. Cary; Anna Zink; Sijia Wei; Andrew Olson; Mengying Yan; Rashaud Senior; Sophia Bessias; Kais Gadhoumi; Genevieve Jean-Pierre; Dingyue Wang; Leila Ledbetter; Nicoleta Economou-Zavlanos; Ziad Obermeyer; Michael Pencina,Health Affairs,44,W4387245432,10.1377/hlthaff.2023.00553,https://openalex.org/W4387245432,https://doi.org/10.1377/hlthaff.2023.00553,Health care; Notice; Health equity; Equity (law); Medicine,review,True,Abstract available
The formal rationality of artificial intelligence-based algorithms and the problem of bias,2023,Rohit Nishant; Dirk Schneckenberg; M. N. Ravishankar,Journal of Information Technology,34,W4378672952,10.1177/02683962231176842,https://openalex.org/W4378672952,https://journals.sagepub.com/doi/pdf/10.1177/02683962231176842,Rationality; Bounded rationality; Computer science; Artificial intelligence; Context (archaeology),article,True,Abstract available
On the consequences of AI bias: when moral values supersede algorithm bias,2024,Kwadwo Asante; David Sarpong; Derrick Boakye,Journal of Managerial Psychology,2,W4403732081,10.1108/jmp-05-2024-0379,https://openalex.org/W4403732081,https://www.emerald.com/insight/content/doi/10.1108/JMP-05-2024-0379/full/pdf?title=on-the-consequences-of-ai-bias-when-moral-values-supersede-algorithm-bias,Psychology; Social psychology; Response bias; Algorithm; Mathematics,article,True,Abstract available
Generative AI in Writing Research Papers: A New Type of Algorithmic Bias and Uncertainty in Scholarly Work,2024,Rishab Jain; Aditya Jain,Lecture notes in networks and systems,5,W4401132252,10.1007/978-3-031-66329-1_42,https://openalex.org/W4401132252,,Generative grammar; Computer science; Work (physics); Artificial intelligence; Data science,book-chapter,False,
Putting algorithmic bias on top of the agenda in the discussions on autonomous weapons systems,2024,Ishmael Bhila,Digital War,2,W4399209593,10.1057/s42984-024-00094-z,https://openalex.org/W4399209593,https://link.springer.com/content/pdf/10.1057/s42984-024-00094-z.pdf,Computer science; Political science; Computer security; Epistemology; Philosophy,article,True,Abstract available
Race Correction and Algorithmic Bias in Atrial Fibrillation Wearable Technologies,2023,Beza Merid; Vanessa V. Volpe,Health Equity,3,W4389166084,10.1089/heq.2023.0034,https://openalex.org/W4389166084,https://doi.org/10.1089/heq.2023.0034,Race (biology); Harm; Construct (python library); Race and health; Health care,article,True,Abstract available
Algorithmic fairness and bias mitigation for clinical machine learning with deep reinforcement learning,2023,Jenny Yang; Andrew A. S. Soltan; David W. Eyre; David A. Clifton,Nature Machine Intelligence,57,W4385416124,10.1038/s42256-023-00697-3,https://openalex.org/W4385416124,https://www.nature.com/articles/s42256-023-00697-3.pdf,Reinforcement learning; Computer science; Reinforcement; Artificial intelligence; Computer security,article,True,Abstract available
A systematic review of socio-technical gender bias in AI algorithms,2023,Paula Hall; Debbie Ellis,Online Information Review,30,W4327611086,10.1108/oir-08-2021-0452,https://openalex.org/W4327611086,,Identification (biology); Computer science; Originality; Process (computing); Systematic review,review,False,Abstract available
"Out of One, Many: Using Language Models to Simulate Human Samples",2023,Lisa P. Argyle; Ethan C. Busby; Nancy Fulda; Joshua R. Gubler; Christopher Rytting; David Wingate,Political Analysis,286,W4321455981,10.1017/pan.2023.2,https://openalex.org/W4321455981,https://www.cambridge.org/core/services/aop-cambridge-core/content/view/035D7C8A55B237942FB6DBAD7CAA4E49/S1047198723000025a.pdf/div-class-title-out-of-one-many-using-language-models-to-simulate-human-samples-div.pdf,Variety (cybernetics); Fidelity; Computer science; Context (archaeology); Sociocultural evolution,article,True,Abstract available
Ethics and governance of trustworthy medical artificial intelligence,2023,Jie Zhang; Zongming Zhang,BMC Medical Informatics and Decision Making,225,W4315880904,10.1186/s12911-023-02103-9,https://openalex.org/W4315880904,https://bmcmedinformdecismak.biomedcentral.com/counter/pdf/10.1186/s12911-023-02103-9,Trustworthiness; Health informatics; Corporate governance; Computer science; Artificial intelligence,article,True,Abstract available
Evaluating Algorithmic Bias in 30-Day Hospital Readmission Models: Retrospective Analysis,2024,H. Echo Wang; Jonathan P. Weiner; Suchi Saria; Hadi Kharrazi,Journal of Medical Internet Research,2,W4392314714,10.2196/47125,https://openalex.org/W4392314714,https://doi.org/10.2196/47125,Retrospective cohort study; Medicine; Computer science; Statistics; Emergency medicine,article,True,Abstract available
Algorithmic Bias and Discrimination: Legal and Policy Considerations,2023,Kartik Pendharkar,SSRN Electronic Journal,1,W4389254538,10.2139/ssrn.4640433,https://openalex.org/W4389254538,,Political science; Law and economics; Computer science; Econometrics; Psychology,article,False,Abstract available
